dataset,n,p,mean_offdiag_pearson,mean_offdiag_spearman,N_eff,best_fixed,err_best_fixed,err_oracle,oracle_headroom,s_between,s_within
adamson,88,3,0.46231930314156805,0.4354020640343772,2.0461200181411345,knn_coexpr_k25,0.5342678899566332,0.45417744530872867,0.08009044464790455,0.04128539511089542,0.215583145895013
