estimator,aurc,spearman
GNN,0.8796929792217794,0.026490001397483667
GBT,0.871,0.132
