driver,spearman,p
state_expression_shift,-0.010068709831091583,0.010843664600441708
control_donor_variance,-0.005316067888084299,0.1785910063573045
