dataset,K,rho,sqrt_1_minus_rho,mu_amp,analytic_premium_equalmeans,N_eff_measured,N_eff_equicorr,break_even_r,realized_r,routing_feasible_geometry,routing_deployable
Gladstone_CD4,10,0.919,0.28460498941515405,0.09984768412803535,0.4379367046718838,1.16,1.0786322942508897,0.6148036771304866,,True,False
Replogle_K562,3,0.792,0.45607017003965516,0.2557687269689249,0.3859650589548411,1.32,1.1609907120743033,0.806174553444009,,True,False
Norman_K562,3,0.911,0.2983286778035259,0.17596147181160138,0.25247089873548606,1.12,1.0630758327427356,0.908320064010228,,False,False
Adamson_K562,3,0.462,0.73348483283569,0.2345455889676494,0.6207367535642453,2.05,1.5592515592515592,0.4573452416320384,0.215,True,False
